FIELD,index,SPLUS_F378,SPLUS_F395,SPLUS_F410,SPLUS_F430,SPLUS_F515,SPLUS_F660,SPLUS_F861,SPLUS_G,SPLUS_I,SPLUS_R,SPLUS_U,SPLUS_Z
"HYDRA-0011",0,19.362,19.308,20.407,20.541,20.768,20.292,20.794,22.816,22.543,22.776,20.108,21.946
"HYDRA-0012",1,20.183,20.123,21.173,21.274,21.572,21.173,21.684,23.617,23.421,23.642,20.918,22.829
"HYDRA-0013",2,20.185,20.12,21.178,21.274,21.568,21.16,21.664,23.613,23.392,23.622,20.965,22.813
"HYDRA-0014",3,20.114,20.04,21.062,21.152,21.442,21.094,21.645,23.482,23.35,23.56,20.851,22.744
"HYDRA-0015",4,20.194,20.129,21.185,21.305,21.567,21.052,21.439,23.631,23.36,23.585,20.984,22.76
"HYDRA-0016",5,20.183,20.122,21.138,21.22,21.52,21.141,21.66,23.574,23.403,23.61,20.981,22.822
"HYDRA-0017",6,20.089,20.038,21.096,21.216,21.508,21.007,21.474,23.567,23.279,23.542,20.884,22.6
"HYDRA-0018",7,20.168,20.101,21.101,21.177,21.452,21.119,21.65,23.493,23.38,23.597,20.923,22.805
"HYDRA-0019",8,20.206,20.129,21.148,21.237,21.523,21.13,21.654,23.566,23.392,23.603,20.983,22.809
"HYDRA-0020",9,20.179,20.122,21.184,21.303,21.561,21.101,21.619,23.61,23.353,23.583,20.969,22.756
"HYDRA-0021",10,19.427,19.411,20.529,20.65,20.835,20.322,20.828,22.926,22.564,22.827,20.224,21.97
"HYDRA-0022",11,20.208,20.132,21.169,21.26,21.543,21.146,21.657,23.602,23.391,23.622,20.997,22.824
"HYDRA-0023",12,20.221,20.168,21.212,21.317,21.594,21.16,21.681,23.641,23.409,23.635,20.99,22.83
"HYDRA-0024",13,20.128,20.072,21.125,21.227,21.529,21.142,21.658,23.578,23.393,23.605,20.853,22.82
"HYDRA-0025",14,20.229,20.133,21.177,21.247,21.525,21.158,21.685,23.578,23.416,23.628,20.982,22.836
"HYDRA-0026",15,20.173,20.124,21.168,21.233,21.493,21.107,21.622,23.538,23.343,23.575,20.937,22.726
"HYDRA-0027",16,20.056,19.989,21.018,21.107,21.423,21.075,21.62,23.465,23.33,23.54,20.83,22.705
"HYDRA-0028",17,20.284,20.213,21.274,21.391,21.644,21.167,21.677,23.689,23.428,23.639,21.066,22.848
"HYDRA-0029",18,20.28,20.221,21.28,21.398,21.649,21.179,21.694,23.708,23.432,23.663,21.05,22.85
"HYDRA-0030",19,20.299,20.205,21.288,21.404,21.643,21.175,21.655,23.708,23.398,23.653,21.05,22.804
"HYDRA-0031",20,19.444,19.44,20.543,20.689,20.854,20.337,20.847,22.939,22.585,22.839,20.215,21.989
"HYDRA-0032",21,20.262,20.201,21.26,21.374,21.632,21.166,21.663,23.7,23.413,23.661,21.047,22.812
"HYDRA-0033",22,20.24,20.16,21.253,21.361,21.618,21.165,21.664,23.68,23.394,23.634,21.021,22.817
"HYDRA-0034",23,20.275,20.212,21.253,21.354,21.604,21.167,21.678,23.673,23.422,23.656,21.035,22.811
"HYDRA-0035",24,19.454,19.403,20.481,20.604,20.801,20.315,20.82,22.874,22.556,22.808,20.208,21.938
"HYDRA-0036",25,19.303,19.238,20.304,20.405,20.649,20.265,20.797,22.784,22.555,22.786,20.095,21.936
"HYDRA-0037",26,19.418,19.403,20.473,20.593,20.798,20.313,20.818,22.87,22.558,22.807,20.164,21.945
"HYDRA-0038",27,20.247,20.175,21.258,21.383,21.626,21.152,21.67,23.682,23.412,23.638,21.024,22.857
"HYDRA-0039",28,19.432,19.408,20.488,20.617,20.812,20.318,20.827,22.901,22.569,22.817,20.182,21.976
"HYDRA-0040",29,20.221,20.163,21.239,21.362,21.616,21.137,21.633,23.674,23.389,23.621,20.992,22.808
"HYDRA-0041",30,19.467,19.412,20.516,20.641,20.835,20.327,20.826,22.908,22.565,22.821,20.247,21.959
"HYDRA-0042",31,20.132,20.047,21.129,21.247,21.531,21.08,21.602,23.581,23.336,23.559,20.929,22.759
"HYDRA-0043",32,20.27,20.199,21.261,21.379,21.634,21.152,21.656,23.688,23.405,23.643,21.064,22.832
"HYDRA-0044",33,19.432,19.381,20.468,20.585,20.799,20.344,20.849,22.844,22.565,22.813,20.136,21.953
"HYDRA-0045",34,19.525,19.445,20.517,20.625,20.827,20.344,20.833,22.933,22.59,22.852,20.297,21.977
"HYDRA-0046",35,20.16,20.076,21.082,21.151,21.447,21.107,21.64,23.501,23.363,23.567,20.951,22.776
"HYDRA-0047",36,20.298,20.256,21.286,21.38,21.62,21.176,21.688,23.694,23.435,23.665,21.055,22.833
"HYDRA-0048",37,19.409,19.375,20.486,20.62,20.812,20.319,20.836,22.91,22.574,22.822,20.182,21.983
"HYDRA-0049",38,20.264,20.201,21.257,21.368,21.618,21.177,21.677,23.69,23.418,23.659,21.006,22.808
"HYDRA-0050",39,19.4,19.382,20.482,20.614,20.804,20.295,20.8,22.874,22.513,22.788,20.145,21.876
"HYDRA-0051",40,20.212,20.129,21.203,21.317,21.574,21.045,21.609,23.616,23.351,23.582,21.002,22.771
"HYDRA-0052",41,19.467,19.414,20.516,20.653,20.834,20.33,20.836,22.923,22.572,22.828,20.23,21.974
"HYDRA-0053",42,19.589,19.53,20.599,20.7,20.884,20.367,20.864,22.971,22.619,22.873,20.34,22.03
"HYDRA-0054",43,20.275,20.212,21.277,21.387,21.638,21.163,21.655,23.703,23.402,23.647,21.05,22.796
"HYDRA-0055",44,19.576,19.497,20.577,20.67,20.858,20.363,20.839,22.955,22.599,22.82,20.33,21.983
"HYDRA-0056",45,19.46,19.447,20.552,20.686,20.852,20.33,20.835,22.942,22.575,22.832,20.228,21.98
"HYDRA-0057",46,20.274,20.184,21.255,21.367,21.608,21.143,21.649,23.668,23.386,23.613,21.037,22.809
"HYDRA-0058",47,20.27,20.181,21.262,21.382,21.625,21.166,21.665,23.702,23.394,23.636,21.06,22.817
"SPLUS-s02s01",48,19.915,19.904,20.956,21.063,21.425,21.117,21.675,23.472,23.373,23.556,20.632,22.825
"SPLUS-s02s02",49,20.125,20.079,21.08,21.16,21.489,21.121,21.663,23.529,23.385,23.588,20.895,22.799
"SPLUS-s02s03",50,20.088,20.038,21.073,21.177,21.504,21.133,21.662,23.548,23.39,23.59,20.845,22.802
"SPLUS-s02s04",51,20.123,20.095,21.097,21.202,21.505,21.133,21.681,23.553,23.417,23.607,20.841,22.87
"SPLUS-s02s05",52,20.134,20.076,21.091,21.187,21.508,21.131,21.677,23.549,23.417,23.612,20.857,22.877
"SPLUS-s02s06",53,20.069,20.074,21.067,21.189,21.515,21.129,21.67,23.554,23.415,23.603,20.785,22.871
"SPLUS-s02s07",54,20.115,20.082,21.074,21.181,21.501,21.132,21.68,23.545,23.41,23.602,20.828,22.834
"SPLUS-s02s08",55,20.085,20.067,21.097,21.208,21.517,21.13,21.675,23.574,23.418,23.606,20.827,22.878
"SPLUS-s02s09",56,20.086,20.018,21.069,21.177,21.517,21.113,21.666,23.563,23.426,23.607,20.821,22.877
"SPLUS-s02s10",57,20.077,20.035,21.06,21.162,21.5,21.137,21.673,23.546,23.416,23.606,20.858,22.875
"SPLUS-s02s11",58,20.124,20.077,21.091,21.179,21.488,21.128,21.673,23.524,23.388,23.584,20.875,22.812
"SPLUS-s02s12",59,20.104,20.048,21.031,21.127,21.456,21.107,21.657,23.493,23.385,23.58,20.858,22.799
"SPLUS-s02s13",60,20.151,20.088,21.087,21.189,21.485,21.119,21.658,23.527,23.414,23.591,20.906,22.816
"SPLUS-s02s15",61,20.107,20.082,21.046,21.139,21.46,21.115,21.672,23.5,23.406,23.586,20.817,22.844
"SPLUS-s02s16",62,20.129,20.069,21.08,21.155,21.478,21.124,21.66,23.519,23.405,23.59,20.863,22.824
"SPLUS-s02s19",63,20.108,20.055,21.069,21.149,21.481,21.129,21.67,23.522,23.405,23.592,20.862,22.836
"SPLUS-s02s20",64,20.05,19.973,20.991,21.054,21.399,21.095,21.645,23.444,23.38,23.555,20.817,22.802
"SPLUS-s02s21",65,20.016,19.984,20.98,21.094,21.433,21.096,21.649,23.474,23.385,23.559,20.746,22.82
"SPLUS-s02s22",66,20.103,20.047,21.071,21.131,21.467,21.117,21.66,23.504,23.397,23.593,20.891,22.824
"SPLUS-s02s23",67,20.045,19.989,21.015,21.1,21.443,21.102,21.655,23.471,23.388,23.569,20.814,22.828
"SPLUS-s02s24",68,20.085,20.016,21.007,21.072,21.398,21.094,21.653,23.432,23.406,23.557,20.851,22.824
"SPLUS-s02s25",69,20.135,20.063,21.074,21.172,21.489,21.126,21.656,23.527,23.398,23.59,20.906,22.828
"SPLUS-s02s26",70,20.089,20.005,21.021,21.112,21.462,21.122,21.662,23.501,23.392,23.58,20.87,22.822
"SPLUS-s03s01",71,20.086,20.013,21.048,21.139,21.481,21.131,21.664,23.526,23.397,23.591,20.846,22.825
"SPLUS-s03s03",72,20.111,20.021,21.048,21.131,21.473,21.128,21.672,23.515,23.407,23.597,20.897,22.829
"SPLUS-s03s04",73,20.085,20.051,21.025,21.106,21.426,21.092,21.65,23.463,23.389,23.566,20.823,22.82
"SPLUS-s03s05",74,20.032,20.01,20.99,21.056,21.381,21.078,21.638,23.417,23.38,23.53,20.78,22.803
"SPLUS-n01s01",75,20.119,20.057,21.137,21.272,21.549,21.08,21.621,23.583,23.342,23.561,20.885,22.755
"SPLUS-n01s18",76,20.011,19.969,21.032,21.134,21.443,21.098,21.654,23.488,23.363,23.556,20.714,22.769
"SPLUS-n01s19",77,20.021,19.983,21.066,21.169,21.489,21.114,21.655,23.529,23.359,23.575,20.783,22.775
"SPLUS-n01s20",78,20.107,20.033,21.083,21.188,21.508,21.107,21.641,23.541,23.371,23.586,20.827,22.792
"SPLUS-n01s21",79,20.051,19.976,21.034,21.137,21.475,21.084,21.639,23.505,23.361,23.563,20.822,22.783
"SPLUS-n01s22",80,19.946,19.887,20.935,21.036,21.409,21.032,21.611,23.431,23.317,23.508,20.716,22.701
"SPLUS-n01s23",81,20.086,20.013,21.073,21.192,21.502,21.1,21.638,23.54,23.364,23.576,20.865,22.778
"SPLUS-n01s24",82,20.081,19.989,21.051,21.156,21.458,21.088,21.635,23.505,23.348,23.56,20.85,22.752
"SPLUS-n01s25",83,20.078,19.989,21.066,21.16,21.471,21.088,21.637,23.514,23.358,23.565,20.857,22.758
"SPLUS-n01s26",84,20.081,19.996,21.065,21.162,21.482,21.094,21.643,23.532,23.368,23.572,20.848,22.778
"SPLUS-n01s27",85,20.006,19.936,20.931,21.06,21.376,21.072,21.637,23.43,23.355,23.544,20.74,22.785
"SPLUS-n01s28",86,20.071,19.99,21.029,21.127,21.424,21.06,21.608,23.474,23.334,23.538,20.811,22.751
"SPLUS-n01s37",87,20.128,20.018,21.087,21.171,21.516,21.141,21.679,23.551,23.417,23.614,20.877,22.853
"SPLUS-n01s38",88,20.105,20.006,21.058,21.157,21.495,21.133,21.682,23.529,23.413,23.605,20.882,22.863
"SPLUS-n02s18",89,20.065,19.983,21.046,21.149,21.471,21.115,21.657,23.505,23.38,23.576,20.771,22.797
"SPLUS-n02s19",90,20.084,20.023,21.051,21.167,21.478,21.115,21.659,23.526,23.375,23.583,20.817,22.785
"SPLUS-n02s20",91,20.1,20.046,21.094,21.211,21.493,21.102,21.663,23.527,23.369,23.575,20.843,22.783
"SPLUS-n02s21",92,20.052,20.004,21.055,21.162,21.476,21.107,21.638,23.523,23.351,23.571,20.8,22.748
"SPLUS-n02s22",93,20.073,19.997,21.056,21.151,21.45,21.094,21.645,23.503,23.361,23.571,20.819,22.777
"SPLUS-n02s23",94,20.115,20.021,21.056,21.142,21.47,21.087,21.636,23.51,23.342,23.557,20.84,22.74
"SPLUS-n02s24",95,19.977,19.888,20.92,20.995,21.304,21.048,21.62,23.355,23.323,23.489,20.703,22.736
"SPLUS-n02s25",96,20.123,20.042,21.081,21.194,21.496,21.099,21.643,23.53,23.37,23.573,20.885,22.785
"SPLUS-n02s26",97,20.065,19.979,21.033,21.133,21.449,21.091,21.637,23.495,23.353,23.559,20.844,22.762
"SPLUS-n02s27",98,20.069,19.995,21.061,21.135,21.455,21.077,21.621,23.492,23.348,23.549,20.857,22.774
"SPLUS-n02s28",99,20.11,20.043,21.096,21.195,21.499,21.118,21.665,23.54,23.381,23.583,20.895,22.788
"SPLUS-n02s37",100,20.126,20.001,21.065,21.165,21.495,21.13,21.677,23.53,23.409,23.605,20.89,22.856
"SPLUS-n02s38",101,20.121,20.017,21.094,21.202,21.521,21.149,21.699,23.557,23.418,23.621,20.896,22.852
"SPLUS-n02s44",102,20.043,19.936,20.982,21.059,21.428,21.089,21.647,23.452,23.373,23.569,20.803,22.783
"SPLUS-n02n01",103,20.043,20.007,21.061,21.175,21.492,21.109,21.65,23.539,23.371,23.579,20.805,22.776
"SPLUS-n02n18",104,20.049,19.999,21.053,21.148,21.473,21.113,21.645,23.524,23.373,23.579,20.792,22.78
"SPLUS-n02n19",105,19.905,19.845,20.874,20.952,21.275,21.024,21.609,23.324,23.308,23.464,20.627,22.711
"SPLUS-n02n20",106,20.101,20.046,21.092,21.185,21.497,21.114,21.649,23.541,23.377,23.593,20.868,22.805
"SPLUS-n02n21",107,19.877,19.758,20.782,20.868,21.224,20.979,21.598,23.252,23.295,23.425,20.659,22.703
"SPLUS-n02n22",108,20.078,19.979,21.044,21.126,21.452,21.082,21.633,23.493,23.358,23.557,20.851,22.769
"SPLUS-n02n23",109,20.039,19.955,20.998,21.1,21.431,21.059,21.607,23.462,23.322,23.534,20.796,22.722
"SPLUS-n02n24",110,19.954,19.887,20.912,21.002,21.305,21.033,21.606,23.352,23.318,23.489,20.669,22.722
"SPLUS-n02n25",111,20.022,19.951,21.001,21.115,21.452,21.091,21.631,23.486,23.362,23.551,20.789,22.778
"SPLUS-n02n26",112,19.998,19.904,20.981,21.076,21.425,21.07,21.637,23.462,23.346,23.544,20.754,22.763
"SPLUS-n02n27",113,20.055,19.943,20.996,21.092,21.421,21.072,21.635,23.46,23.343,23.536,20.807,22.745
"SPLUS-n02n28",114,20.057,19.958,21.014,21.119,21.451,21.091,21.644,23.491,23.368,23.56,20.8,22.783
"SPLUS-n02n44",115,20.094,19.996,21.056,21.153,21.499,21.11,21.667,23.523,23.39,23.588,20.881,22.812
"SPLUS-n03s18",116,20.059,19.998,21.07,21.176,21.497,21.118,21.662,23.537,23.38,23.586,20.775,22.778
"SPLUS-n03s19",117,20.04,19.973,21.013,21.12,21.43,21.094,21.645,23.483,23.378,23.573,20.734,22.823
"SPLUS-n03s20",118,20.011,19.912,20.994,21.065,21.368,21.089,21.645,23.444,23.366,23.543,20.711,22.788
"SPLUS-n03s21",119,20.107,20.047,21.078,21.175,21.479,21.079,21.613,23.504,23.342,23.55,20.859,22.764
"SPLUS-n03s22",120,20.074,19.981,21.049,21.152,21.466,21.091,21.642,23.508,23.361,23.562,20.806,22.766
"SPLUS-n03s23",121,20.14,20.079,21.091,21.181,21.503,21.112,21.656,23.541,23.375,23.586,20.908,22.784
"SPLUS-n03s24",122,20.135,20.056,21.118,21.199,21.513,21.114,21.66,23.55,23.38,23.592,20.945,22.795
"SPLUS-n03s25",123,20.117,20.057,21.098,21.191,21.486,21.098,21.632,23.542,23.355,23.572,20.884,22.773
"SPLUS-n03s26",124,20.089,19.997,21.053,21.132,21.45,21.072,21.615,23.487,23.333,23.546,20.859,22.751
"SPLUS-n03s27",125,20.127,20.015,21.065,21.162,21.473,21.105,21.643,23.517,23.369,23.572,20.871,22.782
"SPLUS-n03s28",126,20.091,20.003,21.068,21.156,21.453,21.077,21.612,23.505,23.329,23.549,20.869,22.73
"SPLUS-n03s43",127,20.156,20.085,21.105,21.208,21.537,21.129,21.669,23.557,23.395,23.606,20.943,22.821
"SPLUS-n03s44",128,20.057,19.954,21.013,21.122,21.484,21.096,21.646,23.491,23.374,23.569,20.799,22.807
"SPLUS-n03n01",129,20.079,20.015,21.074,21.183,21.505,21.15,21.681,23.56,23.413,23.614,20.843,22.842
"SPLUS-n04s41",130,20.031,19.916,20.972,21.087,21.449,21.103,21.665,23.468,23.395,23.569,20.802,22.829
"SPLUS-n04s42",131,20.023,19.942,21.0,21.106,21.468,21.109,21.67,23.495,23.375,23.584,20.795,22.791
"SPLUS-n04s43",132,20.033,19.922,20.985,21.094,21.446,21.099,21.656,23.478,23.374,23.563,20.805,22.801
"SPLUS-n04s44",133,20.053,19.956,21.013,21.114,21.476,21.103,21.651,23.504,23.387,23.574,20.825,22.804
"SPLUS-n04n01",134,20.006,19.827,20.996,21.039,21.291,20.972,21.624,23.37,23.356,23.481,20.767,22.697
"SPLUS-n05s01",135,20.126,20.06,21.092,21.193,21.472,21.096,21.63,23.53,23.356,23.569,20.904,22.795
"SPLUS-n05s02",136,20.078,20.037,21.081,21.181,21.48,21.111,21.654,23.521,23.372,23.581,20.803,22.782
"SPLUS-n05s03",137,20.151,20.079,21.138,21.232,21.516,21.137,21.667,23.57,23.394,23.607,20.938,22.82
"SPLUS-n05s43",138,20.048,19.799,20.815,20.792,21.139,21.05,21.651,23.361,23.271,23.411,20.813,22.717
"SPLUS-n05s44",139,20.09,19.973,21.036,21.136,21.483,21.094,21.652,23.496,23.372,23.57,20.857,22.787
"SPLUS-n05s45",140,20.251,20.15,21.224,21.335,21.63,21.181,21.7,23.665,23.438,23.655,21.014,22.862
"SPLUS-n05n50",141,20.107,20.005,21.048,21.144,21.489,21.131,21.681,23.529,23.408,23.595,20.876,22.833
"SPLUS-n05n53",142,20.033,19.927,20.973,21.067,21.448,21.105,21.662,23.479,23.388,23.573,20.808,22.814
"SPLUS-n05n55",143,20.033,19.942,20.992,21.109,21.473,21.123,21.668,23.505,23.413,23.581,20.82,22.878
"SPLUS-n06s01",144,20.107,20.057,21.101,21.202,21.506,21.134,21.673,23.562,23.396,23.604,20.841,22.817
"SPLUS-n06s02",145,20.009,19.947,20.999,21.089,21.397,21.102,21.64,23.45,23.357,23.545,20.751,22.791
"SPLUS-n06s03",146,20.063,20.025,21.053,21.155,21.451,21.081,21.626,23.509,23.35,23.548,20.84,22.773
"SPLUS-n06s40",147,20.05,19.936,20.986,21.079,21.449,21.112,21.659,23.473,23.411,23.585,20.823,22.852
"SPLUS-n06s41",148,20.052,19.926,21.008,21.109,21.449,21.06,21.539,23.471,23.371,23.548,20.833,22.828
"SPLUS-n06s42",149,20.12,20.013,21.06,21.166,21.503,21.114,21.666,23.535,23.386,23.591,20.903,22.813
"SPLUS-n06s43",150,20.1,19.981,21.048,21.149,21.489,21.116,21.659,23.519,23.378,23.588,20.874,22.812
"SPLUS-n06s44",151,20.066,19.958,21.003,21.085,21.42,21.085,21.649,23.441,23.365,23.547,20.809,22.774
"SPLUS-n06s45",152,20.091,19.987,21.036,21.132,21.482,21.12,21.686,23.51,23.413,23.599,20.853,22.87
"SPLUS-n07s01",153,20.078,20.03,21.068,21.184,21.468,21.107,21.625,23.523,23.353,23.558,20.798,22.778
"SPLUS-n07s02",154,20.025,20.012,21.06,21.176,21.488,21.118,21.653,23.545,23.375,23.574,20.738,22.78
"SPLUS-n07s03",155,20.124,20.1,21.127,21.237,21.5,21.107,21.633,23.572,23.371,23.581,20.91,22.798
"SPLUS-n07s38",156,20.096,19.981,21.023,21.096,21.447,21.115,21.669,23.486,23.418,23.595,20.883,22.863
"SPLUS-n07s39",157,20.128,20.035,21.089,21.183,21.514,21.13,21.675,23.553,23.415,23.61,20.924,22.869
"SPLUS-n07s40",158,20.127,20.036,21.137,21.209,21.528,21.133,21.674,23.56,23.391,23.608,20.872,22.821
"SPLUS-n07s41",159,20.111,20.016,21.084,21.182,21.528,21.14,21.678,23.548,23.409,23.616,20.901,22.83
"SPLUS-n07s42",160,20.146,20.106,21.133,21.236,21.538,21.142,21.672,23.57,23.406,23.62,20.929,22.828
"SPLUS-n07s43",161,20.147,20.035,21.085,21.174,21.505,21.133,21.682,23.535,23.404,23.606,20.93,22.828
"SPLUS-n07s44",162,19.932,19.823,20.846,20.916,21.238,20.98,21.586,23.27,23.304,23.438,20.669,22.721
"SPLUS-n08s01",163,19.998,19.97,20.995,21.104,21.411,21.089,21.636,23.463,23.345,23.545,20.7,22.748
"SPLUS-n08s02",164,20.137,20.05,21.095,21.19,21.468,21.093,21.62,23.517,23.346,23.569,20.892,22.766
"SPLUS-n08s03",165,20.094,20.034,21.028,21.09,21.387,21.08,21.64,23.427,23.351,23.532,20.628,22.747
"SPLUS-n08s37",166,20.131,20.048,21.07,21.171,21.483,21.122,21.676,23.534,23.412,23.587,20.916,22.836
"SPLUS-n08s38",167,19.664,19.542,20.589,20.677,21.006,20.709,21.113,23.074,22.988,23.152,20.446,22.45
"SPLUS-n08s39",168,20.153,20.032,21.096,21.179,21.501,21.12,21.66,23.546,23.398,23.595,20.924,22.828
"SPLUS-n08s40",169,20.057,19.971,21.022,21.13,21.482,21.119,21.675,23.506,23.4,23.589,20.813,22.845
"SPLUS-n08s41",170,19.988,19.895,20.94,21.053,21.404,21.032,21.666,23.418,23.312,23.51,20.728,22.711
"SPLUS-n08s42",171,20.153,20.046,21.081,21.195,21.507,21.101,21.648,23.538,23.373,23.585,20.936,22.787
"SPLUS-n09s01",172,20.041,19.991,20.982,21.077,21.409,21.071,21.64,23.439,23.352,23.531,20.748,22.764
"SPLUS-n09s36",173,20.111,19.999,21.057,21.149,21.477,21.117,21.667,23.511,23.402,23.597,20.853,22.835
"SPLUS-n09s37",174,20.126,20.083,21.103,21.206,21.514,21.145,21.689,23.568,23.434,23.613,20.906,22.893
"SPLUS-n09s38",175,20.125,20.048,21.1,21.191,21.492,21.09,21.598,23.508,23.362,23.578,20.908,22.808
"SPLUS-n09s39",176,20.145,20.069,21.1,21.213,21.51,21.127,21.669,23.571,23.399,23.595,20.936,22.828
"SPLUS-n09s40",177,20.158,20.06,21.098,21.201,21.517,21.129,21.671,23.543,23.408,23.61,20.931,22.844
"SPLUS-n09s41",178,20.133,20.057,21.083,21.187,21.467,21.087,21.64,23.505,23.362,23.566,20.905,22.778
"SPLUS-n09s42",179,20.107,20.017,21.065,21.158,21.469,21.089,21.633,23.499,23.343,23.559,20.887,22.748
"SPLUS-n09s43",180,20.125,20.035,21.122,21.238,21.511,21.08,21.609,23.555,23.327,23.554,20.919,22.723
"SPLUS-n09s44",181,20.148,20.086,21.166,21.296,21.584,21.139,21.685,23.625,23.416,23.616,20.922,22.832
"SPLUS-n10s01",182,20.032,19.95,20.962,21.053,21.393,21.055,21.63,23.417,23.331,23.512,20.736,22.741
"SPLUS-n10s17",183,20.017,19.955,20.996,21.094,21.415,21.08,21.645,23.454,23.359,23.548,20.755,22.77
"SPLUS-n10s34",184,20.164,20.067,21.131,21.202,21.529,21.126,21.673,23.57,23.405,23.607,20.898,22.865
"SPLUS-n10s35",185,20.142,20.032,21.088,21.185,21.504,21.127,21.666,23.544,23.405,23.603,20.919,22.852
"SPLUS-n10s36",186,19.996,20.018,21.081,21.192,21.507,21.112,21.532,23.563,23.387,23.584,20.863,22.805
"SPLUS-n10s37",187,20.005,19.928,20.998,21.122,21.461,21.066,21.582,23.505,23.357,23.557,20.771,22.757
"SPLUS-n10s38",188,20.161,20.102,21.118,21.226,21.528,21.142,21.686,23.575,23.411,23.612,20.927,22.843
"SPLUS-n10s39",189,20.032,19.963,20.993,21.094,21.414,21.058,21.626,23.455,23.342,23.528,20.794,22.758
"SPLUS-n10s40",190,20.174,20.106,21.139,21.242,21.516,21.111,21.649,23.58,23.372,23.585,20.96,22.79
"SPLUS-n10s41",191,20.035,19.931,20.972,21.024,21.33,21.039,21.621,23.372,23.325,23.496,20.788,22.735
"SPLUS-n10s42",192,20.244,20.152,21.219,21.332,21.613,21.165,21.678,23.67,23.421,23.637,21.021,22.843
"SPLUS-n10s43",193,20.241,20.144,21.22,21.35,21.605,21.133,21.652,23.662,23.393,23.619,20.999,22.82
"SPLUS-n11s01",194,19.918,19.824,20.835,20.921,21.266,21.017,21.603,23.284,23.295,23.458,20.639,22.686
"SPLUS-n11s02",195,19.756,19.715,20.699,20.785,21.138,20.918,21.538,23.172,23.214,23.334,20.49,22.624
"SPLUS-n11s03",196,20.116,20.068,21.098,21.207,21.476,21.09,21.62,23.53,23.342,23.565,20.847,22.745
"SPLUS-n11s26",197,20.153,20.055,21.109,21.21,21.518,21.14,21.672,23.546,23.397,23.601,20.888,22.84
"SPLUS-n11s28",198,20.082,20.055,21.069,21.164,21.461,21.079,21.636,23.506,23.353,23.545,20.834,22.76
"SPLUS-n11s29",199,20.193,20.095,21.127,21.235,21.541,21.133,21.674,23.57,23.404,23.608,20.957,22.84
"SPLUS-n11s30",200,20.159,20.115,21.124,21.237,21.529,21.138,21.684,23.579,23.412,23.614,20.871,22.832
"SPLUS-n11s33",201,20.139,20.025,21.066,21.142,21.476,21.131,21.672,23.515,23.406,23.606,20.922,22.824
"SPLUS-n11s34",202,20.13,20.038,21.083,21.174,21.488,21.117,21.667,23.531,23.392,23.59,20.926,22.824
"SPLUS-n11s35",203,20.135,20.035,21.066,21.152,21.49,21.132,21.689,23.526,23.429,23.608,20.929,22.873
"SPLUS-n11s37",204,20.18,20.108,21.155,21.25,21.545,21.159,21.691,23.575,23.393,23.604,20.946,22.856
"SPLUS-n11s38",205,20.099,19.997,21.034,21.115,21.427,21.1,21.657,23.457,23.369,23.564,20.864,22.797
"SPLUS-n11s39",206,20.059,19.998,21.03,21.132,21.477,21.103,21.684,23.507,23.39,23.575,20.82,22.817
"SPLUS-n11s40",207,20.225,20.118,21.203,21.321,21.567,21.11,21.637,23.626,23.375,23.579,21.023,22.811
"SPLUS-n11s41",208,20.238,20.141,21.236,21.35,21.62,21.154,21.666,23.661,23.407,23.632,21.009,22.832
"SPLUS-n11s42",209,20.256,20.147,21.246,21.366,21.621,21.162,21.686,23.674,23.424,23.642,21.027,22.864
"SPLUS-n11s43",210,20.249,20.155,21.235,21.354,21.631,21.164,21.691,23.678,23.427,23.648,21.04,22.836
"SPLUS-n11s44",211,20.26,20.174,21.262,21.376,21.617,21.146,21.68,23.68,23.419,23.639,21.022,22.866
"SPLUS-n12s01",212,19.82,19.753,20.781,20.839,21.182,20.919,21.55,23.2,23.24,23.367,20.56,22.673
"SPLUS-n12s02",213,19.958,19.909,20.913,21.008,21.358,21.041,21.61,23.382,23.313,23.489,20.707,22.717
"SPLUS-n12s05",214,20.035,20.003,20.972,21.065,21.388,21.067,21.629,23.424,23.351,23.522,20.782,22.769
"SPLUS-n12s23",215,20.145,20.067,21.102,21.18,21.499,21.124,21.668,23.541,23.385,23.594,20.926,22.806
"SPLUS-n12s24",216,20.121,20.031,21.063,21.153,21.494,21.109,21.66,23.524,23.382,23.583,20.913,22.789
"SPLUS-n12s25",217,20.172,19.984,21.116,21.206,21.518,21.143,21.683,23.56,23.411,23.622,20.941,22.846
"SPLUS-n12s26",218,20.177,20.12,21.139,21.241,21.527,21.144,21.689,23.585,23.422,23.617,20.961,22.859
"SPLUS-n12s27",219,20.07,20.048,21.065,21.179,21.459,21.087,21.653,23.502,23.372,23.554,20.833,22.795
"SPLUS-n12s28",220,19.944,19.895,20.905,21.029,21.395,21.124,21.664,23.41,23.321,23.508,20.701,22.724
"SPLUS-n12s29",221,20.148,20.072,21.113,21.212,21.488,21.109,21.654,23.547,23.373,23.581,20.908,22.791
"SPLUS-n12s30",222,20.094,20.02,21.064,21.166,21.474,21.09,21.64,23.519,23.361,23.569,20.85,22.757
"SPLUS-n12s31",223,20.268,20.162,21.258,21.369,21.613,21.152,21.655,23.677,23.411,23.637,21.028,22.846
"SPLUS-n12s32",224,20.246,20.156,21.238,21.346,21.619,21.163,21.692,23.666,23.423,23.641,21.035,22.846
"SPLUS-n12s33",225,20.264,20.153,21.247,21.367,21.613,21.149,21.661,23.675,23.393,23.624,21.042,22.822
"SPLUS-n12s34",226,20.127,20.054,21.135,21.245,21.525,21.072,21.613,23.562,23.333,23.548,20.856,22.729
"SPLUS-n12s35",227,20.113,20.061,21.041,21.031,21.495,21.033,21.601,23.55,23.292,23.571,20.89,22.725
"SPLUS-n12s36",228,20.209,20.113,21.217,21.332,21.588,21.115,21.497,23.642,23.38,23.601,20.995,22.825
"SPLUS-n12s37",229,20.201,20.113,21.152,21.247,21.535,21.144,21.675,23.588,23.405,23.617,20.958,22.814
"SPLUS-n12s38",230,20.188,20.116,21.139,21.24,21.527,21.135,21.68,23.571,23.403,23.61,20.931,22.827
"SPLUS-n12s39",231,20.107,20.031,21.063,21.168,21.486,21.096,21.646,23.51,23.369,23.573,20.841,22.777
"SPLUS-n12s40",232,20.208,20.169,21.218,21.333,21.578,21.115,21.636,23.623,23.377,23.596,20.959,22.791
"SPLUS-n12s41",233,20.279,20.169,21.261,21.383,21.629,21.17,21.678,23.69,23.428,23.653,21.03,22.872
"SPLUS-n12s42",234,20.2,20.137,21.203,21.323,21.583,21.118,21.638,23.625,23.36,23.586,20.936,22.772
"SPLUS-n13s01",235,19.921,20.01,21.029,21.11,21.444,21.098,21.636,23.485,23.354,23.56,20.839,22.635
"SPLUS-n13s02",236,19.988,19.893,20.915,20.971,21.322,21.043,21.601,23.343,23.308,23.478,20.703,22.699
"SPLUS-n13s03",237,20.032,19.984,20.979,21.061,21.391,21.071,21.634,23.434,23.347,23.533,20.767,22.766
"SPLUS-n13s04",238,20.006,19.954,20.94,21.023,21.348,21.058,21.639,23.394,23.343,23.513,20.725,22.786
"SPLUS-n13s05",239,19.872,19.825,20.805,20.891,21.253,20.981,21.574,23.284,23.253,23.419,20.58,22.65
"SPLUS-n13s06",240,19.755,19.689,20.667,20.701,21.085,20.902,21.54,23.099,23.216,23.324,20.49,22.633
"SPLUS-n13s07",241,19.87,19.828,20.816,20.888,21.248,20.985,21.581,23.279,23.272,23.426,20.58,22.679
"SPLUS-n14s01",242,20.079,20.044,21.064,21.168,21.475,21.115,21.646,23.516,23.358,23.569,20.825,22.758
"SPLUS-n14s02",243,20.159,20.079,21.132,21.235,21.538,21.138,21.653,23.572,23.377,23.599,20.933,22.785
"SPLUS-n14s03",244,20.125,20.015,21.062,21.156,21.513,21.119,21.67,23.561,23.388,23.591,20.886,22.807
"SPLUS-n14s04",245,20.075,19.994,20.992,21.069,21.406,21.088,21.626,23.444,23.35,23.546,20.805,22.768
"SPLUS-n14s05",246,19.991,19.972,20.952,21.023,21.374,21.054,21.614,23.406,23.329,23.513,20.72,22.714
"SPLUS-n14s06",247,20.062,20.0,21.004,21.089,21.415,21.095,21.643,23.458,23.358,23.55,20.811,22.762
"SPLUS-n14s07",248,20.065,19.98,21.002,21.076,21.422,21.099,21.642,23.461,23.369,23.559,20.815,22.775
"SPLUS-n14s08",249,19.808,19.693,20.673,20.687,21.043,20.864,21.528,23.067,23.216,23.313,20.603,22.655
"SPLUS-n14s09",250,19.972,19.895,20.892,20.962,21.301,21.003,21.599,23.335,23.308,23.448,20.71,22.737
"SPLUS-n14s10",251,19.929,19.88,20.879,20.964,21.316,21.016,21.592,23.348,23.279,23.467,20.661,22.66
"SPLUS-n14s12",252,19.932,19.871,20.851,20.925,21.277,20.997,21.588,23.309,23.288,23.446,20.692,22.7
"SPLUS-n14s14",253,20.069,19.979,20.989,21.081,21.416,21.075,21.632,23.454,23.347,23.538,20.813,22.761
"SPLUS-n14s15",254,20.04,19.948,20.954,21.031,21.371,21.052,21.629,23.407,23.341,23.509,20.816,22.751
"SPLUS-n14s19",255,20.169,20.051,21.095,21.179,21.468,21.091,21.617,23.522,23.335,23.567,20.891,22.733
"SPLUS-n14s22",256,20.168,20.07,21.134,21.207,21.522,21.128,21.668,23.567,23.408,23.606,20.953,22.854
"SPLUS-n15s01",257,20.137,20.066,21.114,21.212,21.502,21.106,21.632,23.559,23.364,23.588,20.897,22.785
"SPLUS-n15s02",258,20.137,20.058,21.122,21.209,21.519,21.112,21.641,23.546,23.375,23.581,20.945,22.774
"SPLUS-n15s03",259,20.054,19.99,20.994,21.063,21.399,21.082,21.624,23.437,23.359,23.539,20.814,22.781
"SPLUS-n15s04",260,20.154,20.063,21.124,21.238,21.538,21.137,21.663,23.589,23.394,23.581,20.971,22.813
"SPLUS-n15s05",261,20.172,20.12,21.133,21.237,21.512,21.131,21.66,23.577,23.398,23.61,20.935,22.825
"SPLUS-n15s06",262,20.144,20.071,21.113,21.2,21.524,21.129,21.668,23.573,23.397,23.612,20.95,22.822
"SPLUS-n15s07",263,20.167,20.09,21.126,21.226,21.53,21.132,21.671,23.572,23.411,23.614,20.957,22.861
"SPLUS-n15s08",264,20.06,19.995,21.028,21.114,21.483,21.111,21.67,23.52,23.382,23.589,20.85,22.807
"SPLUS-n15s09",265,20.098,20.001,21.04,21.146,21.48,21.112,21.678,23.514,23.399,23.588,20.898,22.835
"SPLUS-n15s10",266,20.083,19.988,21.062,21.128,21.474,21.085,21.672,23.459,23.407,23.469,20.882,22.865
"SPLUS-n15s11",267,20.041,19.96,21.009,21.11,21.441,21.03,21.531,23.486,23.325,23.505,20.88,22.786
"SPLUS-n15s12",268,20.17,20.067,21.126,21.229,21.547,21.134,21.691,23.577,23.405,23.618,20.962,22.858
"SPLUS-n15s13",269,20.112,20.016,21.061,21.153,21.481,21.109,21.658,23.528,23.393,23.594,20.888,22.8
"SPLUS-n15s14",270,20.099,20.021,21.078,21.193,21.509,21.129,21.664,23.55,23.37,23.597,20.898,22.757
"SPLUS-n15s15",271,20.134,20.049,21.103,21.204,21.523,21.141,21.688,23.558,23.424,23.622,20.921,22.888
"SPLUS-n15s16",272,20.136,20.088,21.081,21.17,21.467,21.111,21.673,23.515,23.409,23.575,20.914,22.872
"SPLUS-n15s17",273,20.15,20.067,21.097,21.198,21.529,21.134,21.675,23.564,23.399,23.606,20.968,22.826
"SPLUS-n15s18",274,20.165,20.077,21.122,21.222,21.516,21.063,21.512,23.548,23.37,23.582,20.946,22.796
"SPLUS-n15s19",275,20.19,20.083,21.143,21.231,21.548,21.143,21.674,23.584,23.405,23.617,20.97,22.83
"SPLUS-n15s20",276,20.162,20.055,21.116,21.219,21.53,21.11,21.645,23.571,23.399,23.605,20.939,22.806
"SPLUS-n15s21",277,20.141,20.05,21.095,21.19,21.515,21.127,21.677,23.562,23.393,23.608,20.933,22.826
"SPLUS-n15s22",278,20.161,20.099,21.134,21.223,21.505,21.106,21.64,23.542,23.367,23.577,20.938,22.771
"SPLUS-n16s01",279,20.148,20.042,21.105,21.199,21.529,21.139,21.67,23.576,23.401,23.612,20.969,22.825
"SPLUS-n16s02",280,20.123,20.08,21.117,21.213,21.514,21.146,21.669,23.571,23.393,23.609,20.881,22.803
"SPLUS-n16s03",281,20.161,20.106,21.126,21.215,21.514,21.122,21.654,23.555,23.393,23.603,20.952,22.815
"SPLUS-n16s04",282,20.157,20.074,21.15,21.226,21.537,21.168,21.692,23.568,23.427,23.631,20.948,22.873
"SPLUS-n16s05",283,20.175,20.119,21.143,21.249,21.523,21.113,21.649,23.563,23.375,23.592,20.953,22.788
"SPLUS-n16s06",284,20.153,20.071,21.116,21.202,21.521,21.119,21.644,23.565,23.376,23.595,20.926,22.792
"SPLUS-n16s07",285,20.17,20.095,21.154,21.234,21.549,21.157,21.686,23.583,23.417,23.63,20.953,22.839
"SPLUS-n16s08",286,20.076,19.971,21.016,21.092,21.418,21.096,21.648,23.469,23.368,23.559,20.864,22.787
"SPLUS-n16s09",287,20.171,20.102,21.126,21.212,21.525,21.156,21.679,23.576,23.411,23.621,20.922,22.835
"SPLUS-n16s10",288,20.165,20.102,21.122,21.217,21.53,21.144,21.696,23.578,23.415,23.625,20.939,22.845
"SPLUS-n16s11",289,20.188,20.11,21.14,21.239,21.542,21.165,21.691,23.589,23.426,23.624,20.969,22.856
"SPLUS-n16s12",290,20.151,20.063,21.105,21.197,21.511,21.128,21.665,23.552,23.394,23.602,20.921,22.816
"SPLUS-n16s13",291,20.183,20.113,21.155,21.251,21.552,21.148,21.688,23.583,23.415,23.628,20.961,22.85
"SPLUS-n16s14",292,20.119,20.078,21.1,21.195,21.519,21.144,21.692,23.561,23.42,23.618,20.856,22.844
"SPLUS-n16s15",293,20.166,20.103,21.119,21.228,21.526,21.152,21.67,23.577,23.401,23.616,20.904,22.831
"SPLUS-n16s16",294,20.061,20.007,21.029,21.135,21.472,21.1,21.664,23.525,23.383,23.572,20.843,22.808
"SPLUS-n16s17",295,20.171,20.121,21.133,21.219,21.527,21.138,21.684,23.556,23.418,23.619,20.934,22.861
"SPLUS-n16s18",296,20.178,20.09,21.125,21.222,21.537,21.146,21.689,23.575,23.416,23.623,20.924,22.848
"SPLUS-n16s19",297,20.107,19.989,21.023,21.1,21.419,21.089,21.648,23.458,23.367,23.553,20.87,22.779
"SPLUS-n16s20",298,20.157,20.08,21.132,21.216,21.531,21.135,21.675,23.57,23.4,23.61,20.953,22.828
"SPLUS-n16s21",299,20.205,20.106,21.209,21.336,21.608,21.172,21.692,23.654,23.411,23.618,20.96,22.823
"SPLUS-n17s01",300,20.045,19.995,21.039,21.141,21.454,21.093,21.625,23.497,23.327,23.556,20.787,22.693
"SPLUS-n17s02",301,19.918,19.839,20.865,20.94,21.245,20.993,21.584,23.297,23.272,23.444,20.694,22.654
"SPLUS-n17s03",302,19.806,19.721,20.75,20.824,21.133,20.895,21.527,23.167,23.213,23.337,20.583,22.623
"SPLUS-n17s04",303,20.138,20.065,21.076,21.157,21.464,21.116,21.652,23.508,23.4,23.582,20.919,22.798
"SPLUS-n17s05",304,20.133,20.105,21.123,21.217,21.512,21.157,21.642,23.563,23.37,23.593,20.902,22.773
"SPLUS-n17s06",305,20.134,20.062,21.104,21.185,21.467,21.114,21.628,23.52,23.344,23.565,20.889,22.737
"SPLUS-n17s07",306,20.123,20.065,21.105,21.206,21.497,21.117,21.626,23.551,23.349,23.598,20.891,22.736
"SPLUS-n17s08",307,20.082,20.019,21.046,21.143,21.454,21.062,21.601,23.483,23.315,23.535,20.844,22.699
"SPLUS-n17s09",308,20.157,20.115,21.118,21.204,21.462,21.093,21.629,23.519,23.352,23.564,20.957,22.76
"SPLUS-n17s10",309,20.162,20.081,21.094,21.176,21.472,21.106,21.637,23.521,23.361,23.576,20.929,22.766
"SPLUS-n17s11",310,20.179,20.106,21.122,21.207,21.497,21.124,21.659,23.555,23.394,23.599,20.971,22.812
"SPLUS-n17s12",311,20.078,20.024,21.073,21.179,21.489,21.115,21.647,23.542,23.357,23.581,20.833,22.752
"SPLUS-n17s13",312,20.073,20.023,21.068,21.176,21.485,21.105,21.647,23.53,23.364,23.575,20.805,22.763
"SPLUS-n17s14",313,19.992,19.941,20.957,21.046,21.342,21.044,21.622,23.395,23.331,23.505,20.744,22.732
"SPLUS-n17s15",314,20.004,19.98,20.975,21.051,21.341,21.045,21.63,23.4,23.343,23.506,20.748,22.757
"SPLUS-n17s16",315,20.101,20.03,21.06,21.158,21.484,21.121,21.639,23.523,23.353,23.572,20.857,22.747
"SPLUS-n17s17",316,20.195,20.099,21.138,21.217,21.523,21.143,21.682,23.566,23.414,23.624,20.948,22.84
"SPLUS-n17s18",317,20.203,20.132,21.144,21.23,21.513,21.125,21.661,23.552,23.393,23.598,21.001,22.809
"SPLUS-n17s19",318,20.217,20.137,21.202,21.317,21.578,21.116,21.635,23.628,23.375,23.606,20.987,22.809
"SPLUS-n17s20",319,20.23,20.148,21.211,21.319,21.609,21.146,21.681,23.655,23.409,23.648,21.011,22.823
"SPLUS-n17s21",320,20.264,20.149,21.236,21.353,21.608,21.151,21.66,23.664,23.403,23.621,21.058,22.827
"SPLUS-n17s51",321,19.997,19.934,21.006,21.074,21.45,20.951,21.52,23.472,23.346,23.554,20.711,22.727
"SPLUS-n18s10",322,20.269,20.194,21.269,21.383,21.632,21.173,21.69,23.697,23.432,23.659,21.05,22.855
"SPLUS-n18s11",323,20.112,20.068,21.095,21.216,21.512,21.133,21.649,23.57,23.364,23.587,20.874,22.782
"SPLUS-n18s12",324,20.026,20.037,21.073,21.197,21.499,21.116,21.659,23.534,23.379,23.59,20.735,22.802
"SPLUS-n18s13",325,20.052,20.003,21.057,21.164,21.479,21.105,21.642,23.526,23.363,23.576,20.755,22.764
"SPLUS-n18s14",326,20.259,20.196,21.274,21.398,21.655,21.176,21.699,23.703,23.437,23.657,21.067,22.876
"SPLUS-n18s15",327,20.078,20.035,21.075,21.17,21.479,21.118,21.646,23.527,23.366,23.579,20.84,22.778
"SPLUS-n18s16",328,20.222,20.118,21.211,21.324,21.594,21.124,21.635,23.646,23.38,23.602,21.018,22.825
"SPLUS-n18s17",329,20.243,20.157,21.242,21.331,21.584,21.092,21.618,23.534,23.338,23.567,21.043,22.728
"SPLUS-n18s18",330,20.29,20.209,21.28,21.395,21.646,21.178,21.71,23.692,23.433,23.653,21.066,22.839
"SPLUS-n18s19",331,20.205,20.099,21.207,21.305,21.562,21.103,21.622,23.614,23.358,23.595,21.003,22.763
"SPLUS-n18s20",332,20.192,20.097,21.139,21.22,21.514,21.126,21.664,23.557,23.392,23.605,20.961,22.82
"SPLUS-n18s21",333,20.275,20.178,21.254,21.362,21.609,21.09,21.624,23.666,23.385,23.617,21.037,22.804
"SPLUS-n18s51",334,20.1,20.01,21.037,21.143,21.474,21.1,21.662,23.508,23.391,23.578,20.843,22.823
"SPLUS-n19s01",335,19.696,19.584,20.55,20.624,20.959,20.808,21.49,22.958,23.127,23.224,20.4,22.532
"SPLUS-n19s03",336,20.074,20.004,20.988,21.075,21.392,21.057,21.627,23.43,23.34,23.522,20.829,22.754
"SPLUS-n19s04",337,19.776,19.69,20.645,20.744,21.106,20.911,21.551,23.132,23.235,23.341,20.519,22.652
"SPLUS-n19s05",338,19.76,19.643,20.614,20.639,20.988,20.814,21.488,23.016,23.19,23.274,20.549,22.613
"SPLUS-n19s06",339,19.943,19.829,20.863,20.936,21.285,20.981,21.584,23.306,23.268,23.433,20.689,22.664
"SPLUS-n19s07",340,20.023,19.946,20.945,21.017,21.364,21.049,21.623,23.398,23.321,23.504,20.834,22.723
"SPLUS-n20s34",341,20.174,20.067,21.105,21.194,21.518,21.136,21.677,23.558,23.411,23.607,20.943,22.832
"SPLUS-n20s35",342,20.192,20.083,21.109,21.204,21.518,21.131,21.671,23.551,23.402,23.605,20.963,22.809
"SPLUS-n20s40",343,20.155,20.075,21.087,21.19,21.505,21.116,21.662,23.541,23.39,23.598,20.899,22.806
"STRIPE82-0001",344,20.193,20.16,21.164,21.286,21.551,21.167,21.71,23.614,23.437,23.624,20.981,22.873
"STRIPE82-0002",345,20.197,20.19,21.21,21.314,21.588,21.183,21.719,23.662,23.467,23.655,20.948,22.922
"STRIPE82-0003",346,19.472,19.508,20.61,20.743,20.862,20.349,20.884,22.969,22.643,22.851,20.205,22.122
"STRIPE82-0004",347,19.461,19.456,20.565,20.715,20.799,20.308,20.867,22.946,22.602,22.836,20.2,22.043
"STRIPE82-0005",348,19.462,19.478,20.577,20.716,20.864,20.352,20.877,22.977,22.616,22.847,20.207,22.039
"STRIPE82-0006",349,19.431,19.448,20.572,20.68,20.825,20.36,20.874,22.963,22.618,22.846,20.178,22.036
"STRIPE82-0007",350,19.44,19.469,20.557,20.699,20.843,20.342,20.868,22.958,22.613,22.834,20.189,22.04
"STRIPE82-0008",351,20.213,20.152,21.232,21.345,21.639,21.19,21.704,23.688,23.45,23.649,21.003,22.877
"STRIPE82-0009",352,19.492,19.502,20.592,20.736,20.858,20.354,20.873,22.97,22.616,22.839,20.197,22.044
"STRIPE82-0010",353,20.168,20.028,21.059,21.265,21.573,21.193,21.711,23.628,23.44,23.541,20.938,22.867
"STRIPE82-0011",354,20.072,20.086,21.122,21.25,21.549,21.157,21.695,23.612,23.422,23.613,20.788,22.818
"STRIPE82-0012",355,20.215,20.143,21.23,21.346,21.621,21.197,21.705,23.688,23.455,23.655,21.032,22.869
"STRIPE82-0013",356,19.469,19.525,20.6,20.728,20.859,20.344,20.886,22.974,22.624,22.839,20.192,22.066
"STRIPE82-0014",357,20.212,20.145,21.218,21.33,21.611,21.194,21.709,23.679,23.458,23.652,21.001,22.898
"STRIPE82-0015",358,19.472,19.479,20.587,20.75,20.879,20.359,20.875,22.98,22.62,22.844,20.208,22.046
"STRIPE82-0016",359,20.2,20.148,21.216,21.333,21.608,21.185,21.705,23.68,23.458,23.653,20.968,22.901
"STRIPE82-0017",360,20.11,20.068,21.126,21.248,21.555,21.15,21.669,23.619,23.396,23.621,20.813,22.809
"STRIPE82-0018",361,20.248,20.161,21.238,21.381,21.631,21.197,21.709,23.691,23.454,23.651,21.035,22.885
"STRIPE82-0019",362,19.495,19.512,20.6,20.736,20.869,20.358,20.884,22.972,22.623,22.853,20.212,22.037
"STRIPE82-0020",363,20.212,20.162,21.207,21.323,21.6,21.194,21.709,23.671,23.464,23.656,20.98,22.924
"STRIPE82-0021",364,19.48,19.493,20.59,20.742,20.86,20.35,20.876,22.969,22.613,22.839,20.189,22.05
"STRIPE82-0022",365,19.45,19.485,20.596,20.742,20.886,20.38,20.892,22.99,22.637,22.865,20.162,22.051
"STRIPE82-0023",366,19.476,19.504,20.592,20.73,20.86,20.35,20.875,22.969,22.622,22.843,20.192,22.074
"STRIPE82-0024",367,19.471,19.473,20.585,20.727,20.861,20.364,20.891,22.972,22.638,22.857,20.2,22.082
"STRIPE82-0025",368,20.164,20.009,21.162,21.377,21.634,21.198,21.712,23.712,23.459,23.662,21.028,22.886
"STRIPE82-0026",369,20.228,20.154,21.236,21.373,21.644,21.202,21.715,23.702,23.468,23.66,21.031,22.889
"STRIPE82-0027",370,19.461,19.523,20.598,20.736,20.866,20.351,20.88,22.979,22.622,22.843,20.193,22.062
"STRIPE82-0028",371,19.429,19.398,20.548,20.689,20.84,20.347,20.868,22.945,22.614,22.838,20.144,22.033
"STRIPE82-0029",372,20.255,20.193,21.238,21.353,21.633,21.199,21.711,23.703,23.459,23.664,21.041,22.889
"STRIPE82-0030",373,19.425,19.459,20.563,20.71,20.847,20.348,20.872,22.971,22.61,22.844,20.208,22.022
"STRIPE82-0031",374,19.498,19.528,20.615,20.77,20.884,20.379,20.896,22.991,22.638,22.86,20.234,22.075
"STRIPE82-0032",375,20.154,20.107,21.212,21.334,21.56,21.187,21.709,23.483,23.464,23.647,20.899,22.917
"STRIPE82-0033",376,19.506,19.519,20.606,20.768,20.884,20.372,20.901,22.995,22.636,22.859,20.206,22.068
"STRIPE82-0034",377,19.482,19.498,20.581,20.736,20.865,20.376,20.895,22.977,22.621,22.855,20.199,22.019
"STRIPE82-0035",378,19.482,19.491,21.174,21.276,21.544,21.161,21.687,22.98,22.65,22.86,20.211,22.132
"STRIPE82-0036",379,19.289,19.123,19.901,20.429,20.588,20.041,20.421,22.84,22.349,22.665,19.941,21.741
"STRIPE82-0037",380,19.491,19.549,20.604,20.752,20.873,20.356,20.887,22.976,22.622,22.844,20.208,22.086
"STRIPE82-0038",381,19.294,19.404,20.523,20.613,20.743,20.345,20.843,22.916,22.542,22.807,20.138,21.975
"STRIPE82-0039",382,19.48,19.541,20.607,20.768,20.881,20.367,20.895,22.982,22.629,22.86,20.212,22.053
"STRIPE82-0040",383,19.445,19.457,20.588,20.736,20.878,20.377,20.897,22.982,22.636,22.862,20.193,22.076
"STRIPE82-0041",384,20.114,20.135,21.15,21.304,21.56,21.173,21.703,23.633,23.441,23.631,20.817,22.848
"STRIPE82-0042",385,19.483,19.502,20.606,20.745,20.878,20.373,20.893,22.988,22.636,22.863,20.235,22.067
"STRIPE82-0043",386,20.227,20.212,21.239,21.331,21.612,21.184,21.718,23.681,23.47,23.653,20.988,22.935
"STRIPE82-0044",387,19.377,19.374,20.492,20.651,20.822,20.349,20.876,22.953,22.632,22.848,20.137,22.063
"STRIPE82-0045",388,19.477,19.512,20.62,20.763,20.864,20.355,20.883,22.982,22.63,22.847,20.202,22.072
"STRIPE82-0046",389,19.454,19.483,20.584,20.721,20.867,20.334,20.873,22.976,22.635,22.857,20.186,22.074
"STRIPE82-0047",390,19.379,19.465,20.575,20.711,20.869,20.357,20.89,22.88,22.494,22.74,20.073,21.945
"STRIPE82-0048",391,20.198,20.178,21.236,21.361,21.617,21.183,21.704,23.684,23.454,23.651,21.025,22.894
"STRIPE82-0049",392,20.233,20.242,21.255,21.384,21.629,21.194,21.716,23.694,23.458,23.653,20.983,22.912
"STRIPE82-0050",393,19.411,19.449,20.532,20.679,20.839,20.358,20.888,22.96,22.611,22.846,20.154,22.009
"STRIPE82-0051",394,19.488,19.504,20.595,20.744,20.866,20.354,20.885,22.97,22.623,22.854,20.195,22.05
"STRIPE82-0052",395,19.468,19.499,20.581,20.736,20.877,20.377,20.887,22.983,22.634,22.864,20.193,22.057
"STRIPE82-0053",396,19.464,19.498,20.586,20.745,20.861,20.354,20.88,22.967,22.619,22.84,20.193,22.057
"STRIPE82-0054",397,20.226,20.197,21.224,21.345,21.635,21.219,21.735,23.705,23.484,23.686,20.988,22.927
"STRIPE82-0055",398,20.236,20.239,21.235,21.36,21.622,21.191,21.717,23.699,23.458,23.656,20.991,22.907
"STRIPE82-0056",399,20.218,20.158,21.223,21.34,21.621,21.213,21.731,23.696,23.484,23.677,21.017,22.93
"STRIPE82-0057",400,19.49,19.499,20.602,20.747,20.879,20.364,20.888,22.987,22.632,22.857,20.216,22.065
"STRIPE82-0058",401,19.417,19.199,20.542,20.705,20.853,20.359,20.882,22.979,22.617,22.853,20.197,21.997
"STRIPE82-0059",402,19.465,19.509,20.568,20.724,20.866,20.359,20.888,22.972,22.643,22.857,20.183,22.102
"STRIPE82-0060",403,19.335,19.332,20.454,20.611,20.802,20.338,20.867,22.934,22.6,22.83,20.104,22.002
"STRIPE82-0061",404,20.248,20.228,21.251,21.37,21.633,21.205,21.737,23.705,23.476,23.673,20.99,22.927
"STRIPE82-0062",405,19.403,19.386,20.597,20.734,20.871,20.373,20.875,22.838,22.515,22.782,20.18,21.898
"STRIPE82-0063",406,19.454,19.495,20.587,20.741,20.852,20.349,20.877,22.97,22.622,22.847,20.202,22.07
"STRIPE82-0064",407,20.058,20.054,21.12,21.248,21.562,21.201,21.713,23.63,23.448,23.636,20.949,22.876
"STRIPE82-0065",408,20.236,20.206,21.232,21.36,21.621,21.194,21.723,23.694,23.471,23.667,20.964,22.89
"STRIPE82-0066",409,19.504,19.505,20.601,20.712,20.856,20.311,20.844,22.986,22.638,22.862,20.204,22.073
"STRIPE82-0067",410,20.233,20.228,21.241,21.368,21.623,21.19,21.728,23.695,23.461,23.663,20.964,22.886
"STRIPE82-0068",411,19.381,19.394,20.501,20.659,20.818,20.333,20.86,22.953,22.606,22.83,20.166,22.028
"STRIPE82-0069",412,19.458,19.484,20.594,20.729,20.863,20.354,20.884,22.982,22.622,22.844,20.192,22.064
"STRIPE82-0070",413,20.094,20.091,21.149,21.274,21.565,21.189,21.719,23.632,23.461,23.65,20.816,22.91
"STRIPE82-0071",414,20.212,20.199,21.206,21.338,21.599,21.186,21.726,23.663,23.472,23.662,20.947,22.931
"STRIPE82-0072",415,20.154,20.148,21.172,21.289,21.569,21.187,21.709,23.64,23.45,23.644,20.906,22.872
"STRIPE82-0073",416,20.204,20.203,21.215,21.321,21.591,21.186,21.724,23.661,23.472,23.671,20.957,22.913
"STRIPE82-0074",417,19.43,19.447,20.549,20.7,20.847,20.362,20.883,22.963,22.637,22.853,20.17,22.082
"STRIPE82-0075",418,20.255,20.238,21.242,21.354,21.605,21.185,21.706,23.675,23.442,23.659,20.99,22.839
"STRIPE82-0076",419,20.095,20.081,21.141,21.265,21.562,21.181,21.706,23.629,23.446,23.641,20.802,22.874
"STRIPE82-0077",420,19.444,19.468,20.589,20.73,20.858,20.352,20.868,22.969,22.604,22.842,20.179,22.019
"STRIPE82-0078",421,19.475,19.498,20.592,20.73,20.866,20.372,20.896,22.979,22.638,22.861,20.205,22.069
"STRIPE82-0079",422,20.106,20.079,21.091,21.175,21.425,21.115,21.678,22.973,22.624,22.845,20.218,22.069
"STRIPE82-0080",423,20.082,20.022,21.074,21.167,21.442,21.139,21.686,22.959,22.608,22.78,20.124,22.024
"STRIPE82-0081",424,19.493,19.567,20.618,20.775,20.863,21.145,21.682,22.975,22.622,22.843,20.204,22.072
"STRIPE82-0082",425,20.202,20.195,21.204,21.301,21.574,21.174,21.695,22.982,22.646,22.86,20.206,22.097
"STRIPE82-0083",426,20.18,20.176,21.186,21.317,21.573,21.176,21.693,22.979,22.628,22.859,20.198,22.083
"STRIPE82-0084",427,20.211,20.22,21.226,21.34,21.592,21.176,21.701,23.665,23.446,23.651,20.944,22.867
"STRIPE82-0085",428,19.529,19.665,20.649,20.809,20.877,20.342,20.869,22.987,22.617,22.854,20.18,22.055
"STRIPE82-0086",429,20.09,20.209,21.189,21.32,21.573,21.195,21.693,22.949,22.615,22.841,20.146,22.045
"STRIPE82-0087",430,19.443,19.42,20.551,20.695,20.789,20.235,20.784,22.881,22.541,22.776,20.169,21.972
"STRIPE82-0088",431,19.415,19.42,20.559,20.684,20.802,20.302,20.804,22.896,22.571,22.805,20.782,22.01
"STRIPE82-0089",432,19.452,19.489,20.579,20.715,20.806,20.297,20.814,22.904,22.559,22.792,20.939,22.001
"STRIPE82-0090",433,19.435,19.459,20.564,20.694,20.807,20.294,20.823,22.888,22.561,22.781,20.146,22.0
"STRIPE82-0091",434,19.459,19.516,20.589,20.738,20.838,20.323,20.839,22.905,22.569,22.802,20.174,22.008
"STRIPE82-0092",435,18.702,18.979,20.173,20.496,20.602,20.139,20.789,22.841,22.01,22.573,19.83,21.275
"STRIPE82-0093",436,19.469,19.47,20.568,20.708,20.823,20.311,20.835,22.925,22.569,22.812,20.198,21.981
"STRIPE82-0094",437,18.057,17.931,18.873,18.921,18.992,18.284,18.753,21.77,21.346,21.619,19.126,20.745
"STRIPE82-0095",438,19.408,19.456,20.573,20.726,20.839,21.146,20.86,22.863,22.527,22.785,20.094,21.951
"STRIPE82-0096",439,20.07,20.048,21.046,21.147,21.419,21.108,21.646,23.481,23.365,23.555,20.825,22.779
"STRIPE82-0097",440,20.236,20.213,21.211,21.325,21.568,21.145,21.661,23.633,23.399,23.616,20.988,22.815
"STRIPE82-0098",441,20.151,20.089,21.131,21.232,21.491,21.132,21.656,23.563,23.405,23.604,20.951,22.785
"STRIPE82-0099",442,19.477,19.48,20.594,20.719,20.832,20.33,20.835,22.935,22.568,22.805,20.189,21.999
"STRIPE82-0100",443,20.223,20.185,21.196,21.308,21.59,21.166,21.71,23.647,23.433,23.638,21.0,22.866
"STRIPE82-0101",444,19.437,19.464,20.565,20.703,20.837,20.326,20.847,22.932,22.588,22.813,20.19,22.029
"STRIPE82-0102",445,20.213,20.162,21.205,21.32,21.607,21.174,21.711,23.662,23.44,23.646,20.988,22.87
"STRIPE82-0103",446,20.246,20.198,21.225,21.333,21.61,21.187,21.735,23.673,23.453,23.655,21.024,22.886
"STRIPE82-0104",447,20.21,20.162,21.195,21.31,21.595,21.09,21.563,23.635,23.315,23.624,20.985,22.699
"STRIPE82-0105",448,19.455,19.487,20.567,20.704,20.835,20.33,20.871,22.943,22.626,22.832,20.202,22.094
"STRIPE82-0106",449,20.211,20.166,21.223,21.32,21.604,21.185,21.7,23.648,23.444,23.638,20.985,22.905
"STRIPE82-0107",450,19.417,19.436,20.539,20.685,20.822,20.332,20.854,22.917,22.584,22.809,20.135,22.02
"STRIPE82-0108",451,19.454,19.471,20.581,20.714,20.855,20.364,20.885,22.958,22.611,22.838,20.191,22.035
"STRIPE82-0109",452,19.475,19.517,20.595,20.655,20.854,20.369,20.886,22.961,22.614,22.851,20.21,22.059
"STRIPE82-0110",453,19.453,19.477,20.593,20.733,20.862,20.361,20.886,22.96,22.62,22.846,20.191,22.053
"STRIPE82-0111",454,20.239,20.201,21.229,21.346,21.61,21.173,21.701,23.681,23.444,23.65,21.023,22.901
"STRIPE82-0112",455,20.24,20.241,21.239,21.35,21.622,21.201,21.73,23.687,23.468,23.674,20.992,22.909
"STRIPE82-0113",456,19.49,19.482,20.591,20.725,20.858,20.35,20.886,22.965,22.612,22.848,20.231,22.031
"STRIPE82-0114",457,19.444,19.503,20.57,20.725,20.854,20.352,20.885,22.953,22.617,22.842,20.155,22.047
"STRIPE82-0115",458,19.478,19.499,20.601,20.748,20.876,20.365,20.891,22.973,22.627,22.852,20.204,22.058
"STRIPE82-0116",459,19.395,19.125,20.495,20.642,20.859,20.364,20.892,22.96,22.612,22.849,20.203,22.017
"STRIPE82-0117",460,19.423,19.492,20.593,20.723,20.854,20.35,20.883,22.94,22.515,22.748,20.096,22.048
"STRIPE82-0118",461,19.473,19.479,20.596,20.731,20.87,20.368,20.891,22.961,22.631,22.851,20.202,22.059
"STRIPE82-0119",462,20.215,20.143,21.21,21.325,21.618,21.194,21.709,23.666,23.451,23.649,21.028,22.891
"STRIPE82-0120",463,19.474,19.462,20.596,20.738,20.88,20.365,20.887,22.976,22.629,22.859,20.221,22.065
"STRIPE82-0121",464,20.18,19.499,20.603,20.742,20.871,20.368,20.897,22.963,22.607,22.845,20.191,22.017
"STRIPE82-0122",465,20.156,20.044,21.146,21.271,21.529,20.806,21.638,23.57,23.327,23.555,20.926,22.787
"STRIPE82-0123",466,19.474,19.481,20.589,20.716,20.851,20.353,20.89,22.967,22.642,22.853,20.225,22.103
"STRIPE82-0124",467,20.21,20.175,21.213,21.324,21.61,21.176,21.702,23.667,23.444,23.648,20.981,22.897
"STRIPE82-0125",468,20.248,20.195,21.245,21.342,21.614,21.173,21.715,23.665,23.453,23.645,21.016,22.91
"STRIPE82-0126",469,19.404,19.495,20.569,20.72,20.851,20.353,20.88,22.939,22.625,22.843,20.043,22.065
"STRIPE82-0127",470,20.189,20.171,21.161,21.259,21.549,21.135,21.676,23.594,23.415,23.612,20.947,22.837
"STRIPE82-0128",471,20.207,20.166,21.211,21.325,21.614,21.19,21.731,23.672,23.467,23.663,21.0,22.908
"STRIPE82-0129",472,20.201,19.494,20.589,20.726,20.853,20.354,20.883,22.971,22.637,22.856,20.948,22.092
"STRIPE82-0130",473,19.429,19.434,20.557,20.7,20.854,20.361,20.884,22.963,22.63,22.855,20.182,22.058
"STRIPE82-0131",474,20.252,20.254,21.248,21.372,21.625,21.175,21.705,23.687,23.451,23.653,21.012,22.895
"STRIPE82-0132",475,20.226,20.185,21.222,21.345,21.615,21.202,21.731,23.681,23.467,23.67,21.01,22.908
"STRIPE82-0133",476,19.48,19.503,20.572,20.725,20.853,20.351,20.885,22.969,22.624,22.853,20.197,22.053
"STRIPE82-0134",477,19.453,19.443,20.566,20.719,20.864,20.369,20.894,22.973,22.631,22.866,20.183,22.056
"STRIPE82-0135",478,20.242,20.229,21.215,21.334,21.582,21.171,21.707,23.646,23.45,23.654,20.982,22.878
"STRIPE82-0136",479,19.478,19.503,20.591,20.737,20.857,20.357,20.886,22.969,22.628,22.85,20.192,22.068
"STRIPE82-0137",480,20.268,20.243,21.26,21.376,21.633,21.205,21.733,23.698,23.471,23.68,21.041,22.91
"STRIPE82-0138",481,19.467,19.493,20.607,20.751,20.874,20.311,20.584,22.961,22.626,22.85,20.167,22.044
"STRIPE82-0139",482,20.246,20.191,21.203,21.319,21.476,21.109,21.581,23.554,23.351,23.58,20.986,22.857
"STRIPE82-0140",483,20.21,20.168,21.231,21.338,21.603,21.178,21.706,23.669,23.452,23.654,20.989,22.904
"STRIPE82-0141",484,19.479,19.516,20.596,20.734,20.856,20.353,20.88,22.963,22.64,22.85,20.213,22.124
"STRIPE82-0142",485,19.444,19.481,20.562,20.717,20.849,20.355,20.885,22.96,22.61,22.845,20.188,22.019
"STRIPE82-0143",486,19.448,19.481,20.574,20.714,20.843,20.342,20.87,22.956,22.61,22.835,20.186,22.045
"STRIPE82-0144",487,20.21,20.125,21.226,21.352,21.622,21.206,21.712,23.69,23.455,23.663,21.001,22.879
"STRIPE82-0145",488,19.49,19.507,20.594,20.73,20.857,20.355,20.878,22.973,22.617,22.852,20.208,22.078
"STRIPE82-0146",489,20.233,20.163,21.236,21.361,21.623,21.193,21.703,23.69,23.449,23.659,20.983,22.887
"STRIPE82-0147",490,19.445,19.443,20.561,20.715,20.838,20.323,20.864,22.949,22.606,22.832,20.149,22.046
"STRIPE82-0148",491,19.465,19.525,20.613,20.747,20.866,20.364,20.89,22.982,22.634,22.861,20.183,22.067
"STRIPE82-0149",492,19.471,19.5,20.591,20.729,20.857,20.35,20.884,22.966,22.627,22.846,20.187,22.073
"STRIPE82-0150",493,20.212,20.144,21.21,21.314,21.606,21.196,21.721,23.674,23.472,23.662,20.999,22.912
"STRIPE82-0151",494,19.503,19.517,20.598,20.746,20.866,20.351,20.88,22.975,22.62,22.847,20.219,22.071
"STRIPE82-0152",495,20.215,20.148,21.202,21.313,21.588,21.186,21.703,23.659,23.444,23.654,20.988,22.842
"STRIPE82-0153",496,19.48,19.495,20.617,20.759,20.877,20.372,20.893,22.989,22.643,22.866,20.243,22.097
"STRIPE82-0154",497,20.181,19.635,21.115,21.177,21.025,21.119,21.631,23.582,23.38,23.463,20.973,22.812
"STRIPE82-0155",498,19.477,19.516,20.611,20.768,20.879,20.368,20.892,22.985,22.63,22.858,20.231,22.062
"STRIPE82-0156",499,20.237,20.14,21.234,21.34,21.624,21.187,21.697,23.687,23.442,23.649,21.021,22.856
"STRIPE82-0157",500,19.476,19.509,20.601,20.738,20.862,20.365,20.888,22.98,22.637,22.85,20.214,22.11
"STRIPE82-0158",501,19.444,19.468,20.575,20.7,20.839,20.346,20.875,22.954,22.609,22.836,20.183,22.045
"STRIPE82-0159",502,19.398,19.334,20.5,20.699,20.86,20.246,20.667,22.703,22.545,22.793,20.112,22.001
"STRIPE82-0160",503,19.44,19.373,20.399,20.486,20.678,20.203,20.773,22.962,22.597,22.843,20.182,22.044
"STRIPE82-0161",504,20.239,20.188,21.244,21.286,21.582,21.136,21.615,23.674,23.323,23.636,20.994,22.683
"STRIPE82-0162",505,19.465,19.501,20.595,20.74,20.872,20.363,20.883,22.973,22.619,22.85,20.182,22.047
"STRIPE82-0163",506,19.484,19.506,20.6,20.75,20.867,20.358,20.816,22.981,22.632,22.853,20.209,22.073
"STRIPE82-0164",507,20.235,20.172,21.251,21.348,21.625,21.214,21.706,23.69,23.459,23.654,21.01,22.891
"STRIPE82-0165",508,19.46,19.479,20.577,20.725,20.851,20.351,20.87,22.972,22.61,22.844,20.182,22.033
"STRIPE82-0166",509,20.102,20.021,21.188,21.247,21.188,21.162,21.674,23.607,23.402,23.58,20.998,22.779
"STRIPE82-0167",510,19.398,19.416,20.537,20.709,20.844,20.339,20.856,22.962,22.598,22.833,20.197,22.017
"STRIPE82-0168",511,20.223,20.15,21.226,21.337,21.605,21.194,21.717,23.668,23.461,23.655,21.005,22.896
"STRIPE82-0169",512,19.482,19.49,20.601,20.74,20.841,20.318,20.804,22.968,22.63,22.85,20.219,22.076
"STRIPE82-0170",513,20.192,20.11,21.188,21.297,21.583,21.2,21.703,23.652,23.445,23.643,20.918,22.863
